ORDER_ID,CUSTOMER_ID,ORDER_DATE,SHIP_DATE,PRODUCT_ID,PRODUCT_NAME,CATEGORY,DESCRIPTION,NAME,YEAR_OF_BIRTH,GENDER,ADDRESS_LINE_1,CITY,POSTAL_CODE,COUNTRY
2205,11,3/31/17,4/1/17,1005,CleanHex 12,Automotive,1005-12 inch hexagonal automotive air filter,Sudhir Abbogottu,,Male,10276 Brooks St,San Francisco,94105,US
2206,9,1/24/17,1/31/17,1005,CleanHex 12,Automotive,1005-12 inch hexagonal automotive air filter,Viraj Shakur,1981,Female,69734 E Carrillo St,Warren,37110,US
2208,12,3/10/17,3/14/17,1007,OilUltraMax,Automotive,1007 Standard automotive oil filter with carbonGrab technology and 10,,,,,,,
2210,11,4/10/17,4/16/17,1001,CleanMax 12,Automotive,1001-12 inch standard automotive air filter,Sudhir Abbogottu,,Male,10276 Brooks St,San Francisco,94105,US
2211,2,9/7/17,9/13/17,1006,OilSuperMax,Automotive,1006 Standard automotive oil filter with carbonGrab technology,Jeanne Fitzgerald,1976,Female,4 B Blue Ridge Blvd,Livingston,48116,US
2213,7,6/26/17,6/30/17,1007,OilUltraMax,Automotive,1007 Standard automotive oil filter with carbonGrab technology and 10,,,,,,,
2214,9,6/16/17,6/17/17,1006,OilSuperMax,Automotive,1006 Standard automotive oil filter with carbonGrab technology,Viraj Shakur,1981,Female,69734 E Carrillo St,Warren,37110,US
2215,12,3/15/17,3/17/17,1003,CleanHex 10,Automotive,1003-10 inch hexagonal automotive air filter,Allison Willis,1971,Female,1 Washington St,Palm Beach,33461,US
2216,1,12/11/17,12/18/17,1005,CleanHex 12,Automotive,1005-12 inch hexagonal automotive air filter,Kathy Martin,1976,Female,6649 N Blue Gum St,New Orleans,70116,US
2217,11,8/18/17,8/22/17,1001,CleanMax 12,Automotive,1001-12 inch standard automotive air filter,Sudhir Abbogottu,,Male,10276 Brooks St,San Francisco,94105,US
2218,6,1/5/17,1/6/17,1005,CleanHex 12,Automotive,1005-12 inch hexagonal automotive air filter,Edith Bunker,1955,Female,2335 Canton Hwy #6,Windsor,N8N 3N2,CA
2219,7,4/23/17,4/26/17,1001,CleanMax 12,Automotive,1001-12 inch standard automotive air filter,Lakshmi Rohanna,1975,Female,25 E 75th St,Los Angeles,90034,US
2220,6,9/25/17,9/28/17,1001,CleanMax 12,Automotive,1001-12 inch standard automotive air filter,Edith Bunker,1955,Female,2335 Canton Hwy #6,Windsor,N8N 3N2,CA
2221,11,4/9/17,4/12/17,1005,CleanHex 12,Automotive,1005-12 inch hexagonal automotive air filter,Sudhir Abbogottu,,Male,10276 Brooks St,San Francisco,94105,US
2222,3,11/18/17,11/24/17,1007,OilUltraMax,Automotive,1007 Standard automotive oil filter with carbonGrab technology and 10,,,,,,,
2223,9,8/6/17,8/8/17,1002,CleanMax 10,Automotive,1002-10 inch standard automotive air filter,Viraj Shakur,1981,Female,69734 E Carrillo St,Warren,37110,US
2224,3,4/13/17,4/20/17,1007,OilUltraMax,Automotive,1007 Standard automotive oil filter with carbonGrab technology and 10,,,,,,,
2225,7,4/19/17,4/26/17,1005,CleanHex 12,Automotive,1005-12 inch hexagonal automotive air filter,Lakshmi Rohanna,1975,Female,25 E 75th St,Los Angeles,90034,US
2226,7,12/6/17,12/9/17,1001,CleanMax 12,Automotive,1001-12 inch standard automotive air filter,Lakshmi Rohanna,1975,Female,25 E 75th St,Los Angeles,90034,US
2227,2,4/20/17,4/24/17,1002,CleanMax 10,Automotive,1002-10 inch standard automotive air filter,Jeanne Fitzgerald,1976,Female,4 B Blue Ridge Blvd,Livingston,48116,US
2228,6,4/30/17,5/5/17,1003,CleanHex 10,Automotive,1003-10 inch hexagonal automotive air filter,Edith Bunker,1955,Female,2335 Canton Hwy #6,Windsor,N8N 3N2,CA
2230,4,8/25/17,9/1/17,1006,OilSuperMax,Automotive,1006 Standard automotive oil filter with carbonGrab technology,Rebecca Atkinson,1976,Female,639 Main St,Anchorage,99501,US
2231,4,6/2/17,6/6/17,1004,OilMax,Automotive,1004 Standard automotive oil filter,Rebecca Atkinson,1976,Female,639 Main St,Anchorage,99501,US
2232,6,8/30/17,9/1/17,1001,CleanMax 12,Automotive,1001-12 inch standard automotive air filter,Edith Bunker,1955,Female,2335 Canton Hwy #6,Windsor,N8N 3N2,CA
2233,13,3/25/17,4/1/17,1004,OilMax,Automotive,1004 Standard automotive oil filter,Allen Broadbent,1974,Male,9 Tower Ave,Boone,41005,US
2235,9,3/5/17,3/12/17,1002,CleanMax 10,Automotive,1002-10 inch standard automotive air filter,Viraj Shakur,1981,Female,69734 E Carrillo St,Warren,37110,US
2236,5,10/31/17,11/3/17,1004,OilMax,Automotive,1004 Standard automotive oil filter,1996,1996,Male,10 Park St,Butler,45011,US
2237,13,2/17/17,2/20/17,1002,CleanMax 10,Automotive,1002-10 inch standard automotive air filter,Allen Broadbent,1974,Male,9 Tower Ave,Boone,41005,US
2238,7,9/1/17,9/2/17,1001,CleanMax 12,Automotive,1001-12 inch standard automotive air filter,Lakshmi Rohanna,1975,Female,25 E 75th St,Los Angeles,90034,US
2239,14,5/11/17,5/12/17,1006,OilSuperMax,Automotive,1006 Standard automotive oil filter with carbonGrab technology,Brooke Miles,1977,Female,63 Smith Ln #8343,Clay,38575,US
2240,3,5/7/17,5/8/17,1005,CleanHex 12,Automotive,1005-12 inch hexagonal automotive air filter,Samantha Powers,1994,Female,8 W Cerritos Ave #54,Gloucester,8014,US
2241,14,9/15/17,9/17/17,1005,CleanHex 12,Automotive,1005-12 inch hexagonal automotive air filter,Brooke Miles,1977,Female,63 Smith Ln #8343,Clay,38575,US
2242,12,3/27/17,3/31/17,1006,OilSuperMax,Automotive,1006 Standard automotive oil filter with carbonGrab technology,Allison Willis,1971,Female,1 Washington St,Palm Beach,33461,US
2243,3,1/13/17,1/17/17,1002,CleanMax 10,Automotive,1002-10 inch standard automotive air filter,Samantha Powers,1994,Female,8 W Cerritos Ave #54,Gloucester,8014,US
2244,10,11/6/17,11/9/17,1005,CleanHex 12,Automotive,1005-12 inch hexagonal automotive air filter,Sun Wong,1977,Female,10 Westminster St,Somerville,2144,US
2245,14,12/16/17,12/19/17,1004,OilMax,Automotive,1004 Standard automotive oil filter,Brooke Miles,1977,Female,63 Smith Ln #8343,Clay,38575,US
2246,11,12/28/17,1/4/18,1004,OilMax,Automotive,1004 Standard automotive oil filter,Sudhir Abbogottu,,Male,10276 Brooks St,San Francisco,94105,US
2247,12,2/1/17,2/8/17,1002,CleanMax 10,Automotive,1002-10 inch standard automotive air filter,Allison Willis,1971,Female,1 Washington St,Palm Beach,33461,US
2248,8,10/11/17,10/14/17,1004,OilMax,Automotive,1004 Standard automotive oil filter,Jenny Gareth,1971,Female,73 State Road 434 E,Maricopa,85013,US
2249,2,5/10/17,5/12/17,1005,CleanHex 12,Automotive,1005-12 inch hexagonal automotive air filter,Jeanne Fitzgerald,1976,Female,4 B Blue Ridge Blvd,Livingston,48116,US
2250,2,9/7/17,9/10/17,1007,OilUltraMax,Automotive,1007 Standard automotive oil filter with carbonGrab technology and 10,,,,,,,
2251,14,3/1/17,3/6/17,1002,CleanMax 10,Automotive,1002-10 inch standard automotive air filter,Brooke Miles,1977,Female,63 Smith Ln #8343,Clay,38575,US
2252,13,1/18/17,1/22/17,1003,CleanHex 10,Automotive,1003-10 inch hexagonal automotive air filter,Allen Broadbent,1974,Male,9 Tower Ave,Boone,41005,US
2253,3,5/18/17,5/20/17,1004,OilMax,Automotive,1004 Standard automotive oil filter,Samantha Powers,1994,Female,8 W Cerritos Ave #54,Gloucester,8014,US
2254,14,8/18/17,8/23/17,1006,OilSuperMax,Automotive,1006 Standard automotive oil filter with carbonGrab technology,Brooke Miles,1977,Female,63 Smith Ln #8343,Clay,38575,US
2255,9,6/15/17,6/19/17,1007,OilUltraMax,Automotive,1007 Standard automotive oil filter with carbonGrab technology and 10,,,,,,,
2256,6,3/4/17,3/5/17,1003,CleanHex 10,Automotive,1003-10 inch hexagonal automotive air filter,Edith Bunker,1955,Female,2335 Canton Hwy #6,Windsor,N8N 3N2,CA
2257,12,3/7/17,3/14/17,1005,CleanHex 12,Automotive,1005-12 inch hexagonal automotive air filter,Allison Willis,1971,Female,1 Washington St,Palm Beach,33461,US
2258,12,1/15/17,1/19/17,1007,OilUltraMax,Automotive,1007 Standard automotive oil filter with carbonGrab technology and 10,,,,,,,
2259,4,11/7/17,11/10/17,1001,CleanMax 12,Automotive,1001-12 inch standard automotive air filter,Rebecca Atkinson,1976,Female,639 Main St,Anchorage,99501,US
2260,2,5/31/17,6/6/17,1006,OilSuperMax,Automotive,1006 Standard automotive oil filter with carbonGrab technology,Jeanne Fitzgerald,1976,Female,4 B Blue Ridge Blvd,Livingston,48116,US
2261,10,11/8/17,11/11/17,1004,OilMax,Automotive,1004 Standard automotive oil filter,Sun Wong,1977,Female,10 Westminster St,Somerville,2144,US
2262,13,8/5/17,8/6/17,1004,OilMax,Automotive,1004 Standard automotive oil filter,Allen Broadbent,1974,Male,9 Tower Ave,Boone,41005,US
2263,2,12/17/17,12/20/17,1004,OilMax,Automotive,1004 Standard automotive oil filter,Jeanne Fitzgerald,1976,Female,4 B Blue Ridge Blvd,Livingston,48116,US
2264,10,5/25/17,5/29/17,1004,OilMax,Automotive,1004 Standard automotive oil filter,Sun Wong,1977,Female,102 Lexington Ave,Somerville,2144,US
2265,12,10/29/17,11/4/17,1002,CleanMax 10,Automotive,1002-10 inch standard automotive air filter,Allison Willis,1971,Female,1 Washington St,Palm Beach,33461,US
2266,5,9/23/17,9/27/17,1007,OilUltraMax,Automotive,1007 Standard automotive oil filter with carbonGrab technology and 10,,,,,,,
2267,12,6/26/17,6/27/17,1004,OilMax,Automotive,1004 Standard automotive oil filter,Allison Willis,1971,Female,1 Washington St,Palm Beach,33461,US
2268,13,9/23/17,9/26/17,1007,OilUltraMax,Automotive,1007 Standard automotive oil filter with carbonGrab technology and 10,,,,,,,
2269,13,11/4/17,11/7/17,1003,CleanHex 10,Automotive,1003-10 inch hexagonal automotive air filter,Allen Broadbent,1974,Male,9 Tower Ave,Boone,41005,US
2270,7,3/12/17,3/18/17,1006,OilSuperMax,Automotive,1006 Standard automotive oil filter with carbonGrab technology,Lakshmi Rohanna,1975,Female,25 E 75th St,Los Angeles,90034,US
2271,3,6/16/17,6/21/17,1007,OilUltraMax,Automotive,1007 Standard automotive oil filter with carbonGrab technology and 10,,,,,,,
2272,5,2/1/17,2/4/17,1005,CleanHex 12,Automotive,1005-12 inch hexagonal automotive air filter,1996,1996,Male,10 Park St,Butler,45011,US
2273,1,2/4/17,2/8/17,1006,OilSuperMax,Automotive,1006 Standard automotive oil filter with carbonGrab technology,Kathy Martin,1976,Female,6649 N Blue Gum St,New Orleans,70116,US
2274,11,5/3/17,5/10/17,1006,OilSuperMax,Automotive,1006 Standard automotive oil filter with carbonGrab technology,Sudhir Abbogottu,,Male,10276 Brooks St,San Francisco,94105,US
2275,6,11/12/17,11/19/17,1002,CleanMax 10,Automotive,1002-10 inch standard automotive air filter,Edith Bunker,1955,Female,2335 Canton Hwy #6,Windsor,N8N 3N2,CA
2276,4,4/25/17,4/29/17,1002,CleanMax 10,Automotive,1002-10 inch standard automotive air filter,Rebecca Atkinson,1976,Female,639 Main St,Anchorage,99501,US
2277,13,12/8/17,12/15/17,1001,CleanMax 12,Automotive,1001-12 inch standard automotive air filter,Allen Broadbent,1974,Male,9 Tower Ave,Boone,41005,US
2278,4,8/9/17,8/15/17,1003,CleanHex 10,Automotive,1003-10 inch hexagonal automotive air filter,Rebecca Atkinson,1976,Female,639 Main St,Anchorage,99501,US
2279,10,2/7/17,2/13/17,1006,OilSuperMax,Automotive,1006 Standard automotive oil filter with carbonGrab technology,Sun Wong,1977,Female,102 Lexington Ave,Somerville,2144,US
2280,6,12/30/17,1/5/18,1002,CleanMax 10,Automotive,1002-10 inch standard automotive air filter,Edith Bunker,1955,Female,2335 Canton Hwy #6,Windsor,N8N 3N2,CA
2281,2,9/22/17,9/29/17,1004,OilMax,Automotive,1004 Standard automotive oil filter,Jeanne Fitzgerald,1976,Female,4 B Blue Ridge Blvd,Livingston,48116,US
2282,6,10/26/17,11/2/17,1005,CleanHex 12,Automotive,1005-12 inch hexagonal automotive air filter,Edith Bunker,1955,Female,2335 Canton Hwy #6,Windsor,N8N 3N2,CA
2283,4,10/24/17,10/29/17,1005,CleanHex 12,Automotive,1005-12 inch hexagonal automotive air filter,Rebecca Atkinson,1976,Female,639 Main St,Anchorage,99501,US
2284,11,1/8/17,1/12/17,1003,CleanHex 10,Automotive,1003-10 inch hexagonal automotive air filter,Sudhir Abbogottu,,Male,10276 Brooks St,San Francisco,94105,US
2285,13,4/10/17,4/14/17,1005,CleanHex 12,Automotive,1005-12 inch hexagonal automotive air filter,Allen Broadbent,1974,Male,9 Tower Ave,Boone,41005,US
2286,3,8/28/17,9/3/17,1005,CleanHex 12,Automotive,1005-12 inch hexagonal automotive air filter,Samantha Powers,1994,Female,8 W Cerritos Ave #54,Gloucester,8014,US
2288,9,8/19/17,8/21/17,1006,OilSuperMax,Automotive,1006 Standard automotive oil filter with carbonGrab technology,Viraj Shakur,1981,Female,69734 E Carrillo St,Warren,37110,US
2289,4,5/29/17,5/31/17,1005,CleanHex 12,Automotive,1005-12 inch hexagonal automotive air filter,Rebecca Atkinson,1976,Female,639 Main St,Anchorage,99501,US
2290,1,11/24/17,11/29/17,1007,OilUltraMax,Automotive,1007 Standard automotive oil filter with carbonGrab technology and 10,,,,,,,
2291,6,12/25/17,12/27/17,1002,CleanMax 10,Automotive,1002-10 inch standard automotive air filter,Edith Bunker,1955,Female,2335 Canton Hwy #6,Windsor,N8N 3N2,CA
2292,4,6/20/17,6/23/17,1002,CleanMax 10,Automotive,1002-10 inch standard automotive air filter,Rebecca Atkinson,1976,Female,639 Main St,Anchorage,99501,US
2293,3,3/1/17,3/6/17,1002,CleanMax 10,Automotive,1002-10 inch standard automotive air filter,Samantha Powers,1994,Female,8 W Cerritos Ave #54,Gloucester,8014,US
2294,11,11/20/17,11/23/17,1003,CleanHex 10,Automotive,1003-10 inch hexagonal automotive air filter,Sudhir Abbogottu,,Male,10276 Brooks St,San Francisco,94105,US
2296,5,2/3/17,2/8/17,1007,OilUltraMax,Automotive,1007 Standard automotive oil filter with carbonGrab technology and 10,,,,,,,
2297,12,1/21/17,1/22/17,1007,OilUltraMax,Automotive,1007 Standard automotive oil filter with carbonGrab technology and 10,,,,,,,
2298,8,10/2/17,10/3/17,1003,CleanHex 10,Automotive,1003-10 inch hexagonal automotive air filter,Jenny Gareth,1971,Female,73 State Road 434 E,Maricopa,85013,US
2299,12,12/16/17,12/20/17,1003,CleanHex 10,Automotive,1003-10 inch hexagonal automotive air filter,Allison Willis,1971,Female,1 Washington St,Palm Beach,33461,US
2301,14,1/1/17,1/8/17,1004,OilMax,Automotive,1004 Standard automotive oil filter,Brooke Miles,1977,Female,63 Smith Ln #8343,Clay,38575,US
2302,10,11/5/17,11/8/17,1003,CleanHex 10,Automotive,1003-10 inch hexagonal automotive air filter,Sun Wong,1977,Female,10 Westminster St,Somerville,2144,US
2303,6,4/27/17,5/3/17,1001,CleanMax 12,Automotive,1001-12 inch standard automotive air filter,Edith Bunker,1955,Female,2335 Canton Hwy #6,Windsor,N8N 3N2,CA
2304,8,3/17/17,3/22/17,1005,CleanHex 12,Automotive,1005-12 inch hexagonal automotive air filter,Jenny Gareth,1971,Female,73 State Road 434 E,Maricopa,85013,US
2305,1,4/30/17,5/7/17,1003,CleanHex 10,Automotive,1003-10 inch hexagonal automotive air filter,Kathy Martin,1976,Female,6649 N Blue Gum St,New Orleans,70116,US
2306,8,12/10/17,12/14/17,1004,OilMax,Automotive,1004 Standard automotive oil filter,Jenny Gareth,1971,Female,73 State Road 434 E,Maricopa,85013,US
2308,13,1/20/17,1/27/17,1003,CleanHex 10,Automotive,1003-10 inch hexagonal automotive air filter,Allen Broadbent,1974,Male,9 Tower Ave,Boone,41005,US
2309,3,5/29/17,5/31/17,1007,OilUltraMax,Automotive,1007 Standard automotive oil filter with carbonGrab technology and 10,,,,,,,
2310,2,8/26/17,9/1/17,1006,OilSuperMax,Automotive,1006 Standard automotive oil filter with carbonGrab technology,Jeanne Fitzgerald,1976,Female,4 B Blue Ridge Blvd,Livingston,48116,US
2311,11,11/26/17,11/28/17,1005,CleanHex 12,Automotive,1005-12 inch hexagonal automotive air filter,Sudhir Abbogottu,,Male,10276 Brooks St,San Francisco,94105,US
2312,2,11/20/17,11/23/17,1001,CleanMax 12,Automotive,1001-12 inch standard automotive air filter,Jeanne Fitzgerald,1976,Female,4 B Blue Ridge Blvd,Livingston,48116,US
2313,1,5/25/17,5/28/17,1005,CleanHex 12,Automotive,1005-12 inch hexagonal automotive air filter,Kathy Martin,1976,Female,6649 N Blue Gum St,New Orleans,70116,US
2314,13,8/3/17,8/6/17,1004,OilMax,Automotive,1004 Standard automotive oil filter,Allen Broadbent,1974,Male,9 Tower Ave,Boone,41005,US
2316,7,12/3/17,12/7/17,1004,OilMax,Automotive,1004 Standard automotive oil filter,Lakshmi Rohanna,1975,Female,25 E 75th St,Los Angeles,90034,US
2317,6,8/10/17,8/14/17,1001,CleanMax 12,Automotive,1001-12 inch standard automotive air filter,Edith Bunker,1955,Female,2335 Canton Hwy #6,Windsor,N8N 3N2,CA
2318,10,10/11/17,10/12/17,1001,CleanMax 12,Automotive,1001-12 inch standard automotive air filter,Sun Wong,1977,Female,10 Westminster St,Somerville,2144,US
2319,11,2/15/17,2/17/17,1004,OilMax,Automotive,1004 Standard automotive oil filter,Sudhir Abbogottu,,Male,10276 Brooks St,San Francisco,94105,US
2320,5,9/26/17,9/27/17,1001,CleanMax 12,Automotive,1001-12 inch standard automotive air filter,1996,1996,Male,10 Park St,Butler,45011,US
2321,10,12/19/17,12/21/17,1002,CleanMax 10,Automotive,1002-10 inch standard automotive air filter,Sun Wong,1977,Female,10 Westminster St,Somerville,2144,US
2322,12,10/16/17,10/22/17,1007,OilUltraMax,Automotive,1007 Standard automotive oil filter with carbonGrab technology and 10,,,,,,,
2323,4,2/5/17,2/9/17,1001,CleanMax 12,Automotive,1001-12 inch standard automotive air filter,Rebecca Atkinson,1976,Female,639 Main St,Anchorage,99501,US
2324,11,3/15/17,3/22/17,1002,CleanMax 10,Automotive,1002-10 inch standard automotive air filter,Sudhir Abbogottu,,Male,10276 Brooks St,San Francisco,94105,US
2325,5,2/8/17,2/12/17,1004,OilMax,Automotive,1004 Standard automotive oil filter,1996,1996,Male,10 Park St,Butler,45011,US
2326,3,2/15/17,2/20/17,1005,CleanHex 12,Automotive,1005-12 inch hexagonal automotive air filter,Samantha Powers,1994,Female,8 W Cerritos Ave #54,Gloucester,8014,US
2327,1,2/13/17,2/20/17,1003,CleanHex 10,Automotive,1003-10 inch hexagonal automotive air filter,Kathy Martin,1976,Female,6649 N Blue Gum St,New Orleans,70116,US
2328,8,12/6/17,12/8/17,1002,CleanMax 10,Automotive,1002-10 inch standard automotive air filter,Jenny Gareth,1971,Female,73 State Road 434 E,Maricopa,85013,US
2330,7,4/27/17,4/30/17,1007,OilUltraMax,Automotive,1007 Standard automotive oil filter with carbonGrab technology and 10,,,,,,,
2331,10,6/20/17,6/22/17,1005,CleanHex 12,Automotive,1005-12 inch hexagonal automotive air filter,Sun Wong,1977,Female,102 Lexington Ave,Somerville,2144,US
2332,5,9/8/17,9/14/17,1007,OilUltraMax,Automotive,1007 Standard automotive oil filter with carbonGrab technology and 10,,,,,,,
2334,14,4/23/17,4/24/17,1004,OilMax,Automotive,1004 Standard automotive oil filter,Brooke Miles,1977,Female,63 Smith Ln #8343,Clay,38575,US
2335,4,1/16/17,1/18/17,1002,CleanMax 10,Automotive,1002-10 inch standard automotive air filter,Rebecca Atkinson,1976,Female,639 Main St,Anchorage,99501,US
2336,10,4/24/17,4/30/17,1005,CleanHex 12,Automotive,1005-12 inch hexagonal automotive air filter,Sun Wong,1977,Female,102 Lexington Ave,Somerville,2144,US
2337,4,12/29/17,1/2/18,1006,OilSuperMax,Automotive,1006 Standard automotive oil filter with carbonGrab technology,Rebecca Atkinson,1976,Female,639 Main St,Anchorage,99501,US
2339,4,10/21/17,10/24/17,1004,OilMax,Automotive,1004 Standard automotive oil filter,Rebecca Atkinson,1976,Female,639 Main St,Anchorage,99501,US
2340,11,8/14/17,8/20/17,1004,OilMax,Automotive,1004 Standard automotive oil filter,Sudhir Abbogottu,,Male,10276 Brooks St,San Francisco,94105,US
2341,12,12/3/17,12/5/17,1004,OilMax,Automotive,1004 Standard automotive oil filter,Allison Willis,1971,Female,1 Washington St,Palm Beach,33461,US
2342,5,3/19/17,3/25/17,1002,CleanMax 10,Automotive,1002-10 inch standard automotive air filter,1996,1996,Male,10 Park St,Butler,45011,US
2343,8,1/11/17,1/16/17,1005,CleanHex 12,Automotive,1005-12 inch hexagonal automotive air filter,Jenny Gareth,1971,Female,73 State Road 434 E,Maricopa,85013,US
2344,14,10/10/17,10/13/17,1004,OilMax,Automotive,1004 Standard automotive oil filter,Brooke Miles,1977,Female,63 Smith Ln #8343,Clay,38575,US
2345,7,3/23/17,3/30/17,1001,CleanMax 12,Automotive,1001-12 inch standard automotive air filter,Lakshmi Rohanna,1975,Female,25 E 75th St,Los Angeles,90034,US
2347,1,12/23/17,12/25/17,1003,CleanHex 10,Automotive,1003-10 inch hexagonal automotive air filter,Kathy Martin,1976,Female,6649 N Blue Gum St,New Orleans,70116,US
2348,1,9/7/17,9/13/17,1001,CleanMax 12,Automotive,1001-12 inch standard automotive air filter,Kathy Martin,1976,Female,6649 N Blue Gum St,New Orleans,70116,US
2349,8,11/13/17,11/16/17,1007,OilUltraMax,Automotive,1007 Standard automotive oil filter with carbonGrab technology and 10,,,,,,,
2350,7,10/17/17,10/22/17,1007,OilUltraMax,Automotive,1007 Standard automotive oil filter with carbonGrab technology and 10,,,,,,,
2351,8,5/21/17,5/26/17,1002,CleanMax 10,Automotive,1002-10 inch standard automotive air filter,Jenny Gareth,1971,Female,73 State Road 434 E,Maricopa,85013,US
2352,14,11/10/17,11/11/17,1005,CleanHex 12,Automotive,1005-12 inch hexagonal automotive air filter,Brooke Miles,1977,Female,63 Smith Ln #8343,Clay,38575,US
2353,3,4/18/17,4/23/17,1003,CleanHex 10,Automotive,1003-10 inch hexagonal automotive air filter,Samantha Powers,1994,Female,8 W Cerritos Ave #54,Gloucester,8014,US
2354,11,8/16/17,8/17/17,1006,OilSuperMax,Automotive,1006 Standard automotive oil filter with carbonGrab technology,Sudhir Abbogottu,,Male,10276 Brooks St,San Francisco,94105,US
2355,3,5/9/17,5/14/17,1001,CleanMax 12,Automotive,1001-12 inch standard automotive air filter,Samantha Powers,1994,Female,8 W Cerritos Ave #54,Gloucester,8014,US
2356,4,4/4/17,4/11/17,1005,CleanHex 12,Automotive,1005-12 inch hexagonal automotive air filter,Rebecca Atkinson,1976,Female,639 Main St,Anchorage,99501,US
2357,7,5/26/17,5/28/17,1007,OilUltraMax,Automotive,1007 Standard automotive oil filter with carbonGrab technology and 10,,,,,,,
2358,14,2/19/17,2/24/17,1007,OilUltraMax,Automotive,1007 Standard automotive oil filter with carbonGrab technology and 10,,,,,,,
2359,1,1/24/17,1/27/17,1001,CleanMax 12,Automotive,1001-12 inch standard automotive air filter,Kathy Martin,1976,Female,6649 N Blue Gum St,New Orleans,70116,US
2360,12,8/19/17,8/22/17,1005,CleanHex 12,Automotive,1005-12 inch hexagonal automotive air filter,Allison Willis,1971,Female,1 Washington St,Palm Beach,33461,US
2361,3,8/24/17,8/28/17,1001,CleanMax 12,Automotive,1001-12 inch standard automotive air filter,Samantha Powers,1994,Female,8 W Cerritos Ave #54,Gloucester,8014,US
2362,14,1/4/17,1/10/17,1002,CleanMax 10,Automotive,1002-10 inch standard automotive air filter,Brooke Miles,1977,Female,63 Smith Ln #8343,Clay,38575,US
2363,8,11/24/17,11/29/17,1003,CleanHex 10,Automotive,1003-10 inch hexagonal automotive air filter,Jenny Gareth,1971,Female,73 State Road 434 E,Maricopa,85013,US
2364,8,11/13/17,11/17/17,1005,CleanHex 12,Automotive,1005-12 inch hexagonal automotive air filter,Jenny Gareth,1971,Female,73 State Road 434 E,Maricopa,85013,US
2365,4,10/9/17,10/14/17,1002,CleanMax 10,Automotive,1002-10 inch standard automotive air filter,Rebecca Atkinson,1976,Female,639 Main St,Anchorage,99501,US
2366,12,9/29/17,10/3/17,1007,OilUltraMax,Automotive,1007 Standard automotive oil filter with carbonGrab technology and 10,,,,,,,
2367,3,5/16/17,5/20/17,1006,OilSuperMax,Automotive,1006 Standard automotive oil filter with carbonGrab technology,Samantha Powers,1994,Female,8 W Cerritos Ave #54,Gloucester,8014,US
2368,1,10/16/17,10/23/17,1003,CleanHex 10,Automotive,1003-10 inch hexagonal automotive air filter,Kathy Martin,1976,Female,6649 N Blue Gum St,New Orleans,70116,US
2369,8,8/17/17,8/21/17,1003,CleanHex 10,Automotive,1003-10 inch hexagonal automotive air filter,Jenny Gareth,1971,Female,73 State Road 434 E,Maricopa,85013,US
2370,5,8/27/17,9/3/17,1003,CleanHex 10,Automotive,1003-10 inch hexagonal automotive air filter,1996,1996,Male,10 Park St,Butler,45011,US
2371,13,6/27/17,6/28/17,1006,OilSuperMax,Automotive,1006 Standard automotive oil filter with carbonGrab technology,Allen Broadbent,1974,Male,9 Tower Ave,Boone,41005,US
2372,2,12/21/17,12/23/17,1006,OilSuperMax,Automotive,1006 Standard automotive oil filter with carbonGrab technology,Jeanne Fitzgerald,1976,Female,4 B Blue Ridge Blvd,Livingston,48116,US
2373,12,8/14/17,8/20/17,1002,CleanMax 10,Automotive,1002-10 inch standard automotive air filter,Allison Willis,1971,Female,1 Washington St,Palm Beach,33461,US
2374,13,2/8/17,2/14/17,1004,OilMax,Automotive,1004 Standard automotive oil filter,Allen Broadbent,1974,Male,9 Tower Ave,Boone,41005,US
2375,4,11/27/17,12/3/17,1006,OilSuperMax,Automotive,1006 Standard automotive oil filter with carbonGrab technology,Rebecca Atkinson,1976,Female,639 Main St,Anchorage,99501,US
2376,14,1/12/17,1/19/17,1002,CleanMax 10,Automotive,1002-10 inch standard automotive air filter,Brooke Miles,1977,Female,63 Smith Ln #8343,Clay,38575,US
2377,1,4/6/17,4/11/17,1006,OilSuperMax,Automotive,1006 Standard automotive oil filter with carbonGrab technology,Kathy Martin,1976,Female,6649 N Blue Gum St,New Orleans,70116,US
2380,14,11/30/17,12/7/17,1003,CleanHex 10,Automotive,1003-10 inch hexagonal automotive air filter,Brooke Miles,1977,Female,63 Smith Ln #8343,Clay,38575,US
2381,5,5/11/17,5/14/17,1003,CleanHex 10,Automotive,1003-10 inch hexagonal automotive air filter,1996,1996,Male,10 Park St,Butler,45011,US
2382,10,6/26/17,7/1/17,1004,OilMax,Automotive,1004 Standard automotive oil filter,Sun Wong,1977,Female,102 Lexington Ave,Somerville,2144,US
2383,5,10/17/17,10/22/17,1001,CleanMax 12,Automotive,1001-12 inch standard automotive air filter,1996,1996,Male,10 Park St,Butler,45011,US
2384,1,8/30/17,9/4/17,1006,OilSuperMax,Automotive,1006 Standard automotive oil filter with carbonGrab technology,Kathy Martin,1976,Female,6649 N Blue Gum St,New Orleans,70116,US
2385,10,4/11/17,4/17/17,1001,CleanMax 12,Automotive,1001-12 inch standard automotive air filter,Sun Wong,1977,Female,102 Lexington Ave,Somerville,2144,US
2386,5,11/24/17,11/26/17,1001,CleanMax 12,Automotive,1001-12 inch standard automotive air filter,1996,1996,Male,10 Park St,Butler,45011,US
2387,5,9/5/17,9/6/17,1004,OilMax,Automotive,1004 Standard automotive oil filter,1996,1996,Male,10 Park St,Butler,45011,US
2388,2,3/6/17,3/7/17,1005,CleanHex 12,Automotive,1005-12 inch hexagonal automotive air filter,Jeanne Fitzgerald,1976,Female,4 B Blue Ridge Blvd,Livingston,48116,US
2389,9,11/4/17,11/8/17,1006,OilSuperMax,Automotive,1006 Standard automotive oil filter with carbonGrab technology,Viraj Shakur,1981,Female,69734 E Carrillo St,Warren,37110,US
2390,8,12/21/17,12/27/17,1004,OilMax,Automotive,1004 Standard automotive oil filter,Jenny Gareth,1971,Female,73 State Road 434 E,Maricopa,85013,US
2391,10,2/14/17,2/15/17,1005,CleanHex 12,Automotive,1005-12 inch hexagonal automotive air filter,Sun Wong,1977,Female,102 Lexington Ave,Somerville,2144,US
2392,1,6/21/17,6/28/17,1003,CleanHex 10,Automotive,1003-10 inch hexagonal automotive air filter,Kathy Martin,1976,Female,6649 N Blue Gum St,New Orleans,70116,US
2393,12,5/14/17,5/20/17,1001,CleanMax 12,Automotive,1001-12 inch standard automotive air filter,Allison Willis,1971,Female,1 Washington St,Palm Beach,33461,US
2394,1,4/6/17,4/10/17,1001,CleanMax 12,Automotive,1001-12 inch standard automotive air filter,Kathy Martin,1976,Female,6649 N Blue Gum St,New Orleans,70116,US
2395,9,2/22/17,2/24/17,1001,CleanMax 12,Automotive,1001-12 inch standard automotive air filter,Viraj Shakur,1981,Female,69734 E Carrillo St,Warren,37110,US
2396,2,11/18/17,11/25/17,1003,CleanHex 10,Automotive,1003-10 inch hexagonal automotive air filter,Jeanne Fitzgerald,1976,Female,4 B Blue Ridge Blvd,Livingston,48116,US
2397,13,3/30/17,4/5/17,1004,OilMax,Automotive,1004 Standard automotive oil filter,Allen Broadbent,1974,Male,9 Tower Ave,Boone,41005,US
2398,6,10/20/17,10/21/17,1002,CleanMax 10,Automotive,1002-10 inch standard automotive air filter,Edith Bunker,1955,Female,2335 Canton Hwy #6,Windsor,N8N 3N2,CA
2399,14,9/3/17,9/4/17,1005,CleanHex 12,Automotive,1005-12 inch hexagonal automotive air filter,Brooke Miles,1977,Female,63 Smith Ln #8343,Clay,38575,US
2400,8,10/30/17,11/2/17,1002,CleanMax 10,Automotive,1002-10 inch standard automotive air filter,Jenny Gareth,1971,Female,73 State Road 434 E,Maricopa,85013,US
2401,4,9/18/17,9/21/17,1006,OilSuperMax,Automotive,1006 Standard automotive oil filter with carbonGrab technology,Rebecca Atkinson,1976,Female,639 Main St,Anchorage,99501,US
2402,7,1/7/17,1/13/17,1005,CleanHex 12,Automotive,1005-12 inch hexagonal automotive air filter,Lakshmi Rohanna,1975,Female,25 E 75th St,Los Angeles,90034,US
2403,12,10/18/17,10/23/17,1006,OilSuperMax,Automotive,1006 Standard automotive oil filter with carbonGrab technology,Allison Willis,1971,Female,1 Washington St,Palm Beach,33461,US
2405,5,3/14/17,3/20/17,1007,OilUltraMax,Automotive,1007 Standard automotive oil filter with carbonGrab technology and 10,,,,,,,
2406,11,11/18/17,11/24/17,1001,CleanMax 12,Automotive,1001-12 inch standard automotive air filter,Sudhir Abbogottu,,Male,10276 Brooks St,San Francisco,94105,US
2407,14,11/7/17,11/11/17,1002,CleanMax 10,Automotive,1002-10 inch standard automotive air filter,Brooke Miles,1977,Female,63 Smith Ln #8343,Clay,38575,US
2408,13,1/27/17,2/2/17,1007,OilUltraMax,Automotive,1007 Standard automotive oil filter with carbonGrab technology and 10,,,,,,,
2409,12,10/7/17,10/12/17,1006,OilSuperMax,Automotive,1006 Standard automotive oil filter with carbonGrab technology,Allison Willis,1971,Female,1 Washington St,Palm Beach,33461,US
2410,4,10/8/17,10/11/17,1007,OilUltraMax,Automotive,1007 Standard automotive oil filter with carbonGrab technology and 10,,,,,,,
2411,14,11/13/17,11/20/17,1003,CleanHex 10,Automotive,1003-10 inch hexagonal automotive air filter,Brooke Miles,1977,Female,63 Smith Ln #8343,Clay,38575,US
2412,13,11/17/17,11/21/17,1003,CleanHex 10,Automotive,1003-10 inch hexagonal automotive air filter,Allen Broadbent,1974,Male,9 Tower Ave,Boone,41005,US
2413,3,3/19/17,3/26/17,1007,OilUltraMax,Automotive,1007 Standard automotive oil filter with carbonGrab technology and 10,,,,,,,
2414,14,8/11/17,8/18/17,1004,OilMax,Automotive,1004 Standard automotive oil filter,Brooke Miles,1977,Female,63 Smith Ln #8343,Clay,38575,US
2415,5,11/30/17,12/3/17,1002,CleanMax 10,Automotive,1002-10 inch standard automotive air filter,1996,1996,Male,10 Park St,Butler,45011,US
2416,2,2/7/17,2/9/17,1002,CleanMax 10,Automotive,1002-10 inch standard automotive air filter,Jeanne Fitzgerald,1976,Female,4 B Blue Ridge Blvd,Livingston,48116,US
2417,1,4/2/17,4/7/17,1007,OilUltraMax,Automotive,1007 Standard automotive oil filter with carbonGrab technology and 10,,,,,,,
2418,11,9/21/17,9/26/17,1004,OilMax,Automotive,1004 Standard automotive oil filter,Sudhir Abbogottu,,Male,10276 Brooks St,San Francisco,94105,US
2419,10,10/4/17,10/9/17,1001,CleanMax 12,Automotive,1001-12 inch standard automotive air filter,Sun Wong,1977,Female,10 Westminster St,Somerville,2144,US
2420,4,6/11/17,6/16/17,1005,CleanHex 12,Automotive,1005-12 inch hexagonal automotive air filter,Rebecca Atkinson,1976,Female,639 Main St,Anchorage,99501,US
2421,5,4/22/17,4/24/17,1002,CleanMax 10,Automotive,1002-10 inch standard automotive air filter,1996,1996,Male,10 Park St,Butler,45011,US
2422,10,12/5/17,12/10/17,1001,CleanMax 12,Automotive,1001-12 inch standard automotive air filter,Sun Wong,1977,Female,10 Westminster St,Somerville,2144,US
2423,14,6/5/17,6/11/17,1002,CleanMax 10,Automotive,1002-10 inch standard automotive air filter,Brooke Miles,1977,Female,63 Smith Ln #8343,Clay,38575,US
2424,3,4/3/17,4/4/17,1003,CleanHex 10,Automotive,1003-10 inch hexagonal automotive air filter,Samantha Powers,1994,Female,8 W Cerritos Ave #54,Gloucester,8014,US
2425,12,6/11/17,6/14/17,1005,CleanHex 12,Automotive,1005-12 inch hexagonal automotive air filter,Allison Willis,1971,Female,1 Washington St,Palm Beach,33461,US
2426,10,5/15/17,5/20/17,1004,OilMax,Automotive,1004 Standard automotive oil filter,Sun Wong,1977,Female,102 Lexington Ave,Somerville,2144,US
2427,13,2/12/17,2/16/17,1005,CleanHex 12,Automotive,1005-12 inch hexagonal automotive air filter,Allen Broadbent,1974,Male,9 Tower Ave,Boone,41005,US
2428,13,9/16/17,9/18/17,1005,CleanHex 12,Automotive,1005-12 inch hexagonal automotive air filter,Allen Broadbent,1974,Male,9 Tower Ave,Boone,41005,US
2429,8,11/22/17,11/25/17,1002,CleanMax 10,Automotive,1002-10 inch standard automotive air filter,Jenny Gareth,1971,Female,73 State Road 434 E,Maricopa,85013,US
2430,11,8/9/17,8/11/17,1005,CleanHex 12,Automotive,1005-12 inch hexagonal automotive air filter,Sudhir Abbogottu,,Male,10276 Brooks St,San Francisco,94105,US
2431,4,12/17/17,12/19/17,1002,CleanMax 10,Automotive,1002-10 inch standard automotive air filter,Rebecca Atkinson,1976,Female,639 Main St,Anchorage,99501,US
2432,9,5/29/17,5/30/17,1007,OilUltraMax,Automotive,1007 Standard automotive oil filter with carbonGrab technology and 10,,,,,,,
2433,1,9/10/17,9/17/17,1005,CleanHex 12,Automotive,1005-12 inch hexagonal automotive air filter,Kathy Martin,1976,Female,6649 N Blue Gum St,New Orleans,70116,US
2434,12,5/29/17,5/31/17,1005,CleanHex 12,Automotive,1005-12 inch hexagonal automotive air filter,Allison Willis,1971,Female,1 Washington St,Palm Beach,33461,US
2435,5,3/7/17,3/13/17,1007,OilUltraMax,Automotive,1007 Standard automotive oil filter with carbonGrab technology and 10,,,,,,,
2436,8,1/7/17,1/9/17,1006,OilSuperMax,Automotive,1006 Standard automotive oil filter with carbonGrab technology,Jenny Gareth,1971,Female,73 State Road 434 E,Maricopa,85013,US
2437,8,12/12/17,12/16/17,1007,OilUltraMax,Automotive,1007 Standard automotive oil filter with carbonGrab technology and 10,,,,,,,
2438,11,10/25/17,10/31/17,1004,OilMax,Automotive,1004 Standard automotive oil filter,Sudhir Abbogottu,,Male,10276 Brooks St,San Francisco,94105,US
2439,10,1/24/17,1/31/17,1002,CleanMax 10,Automotive,1002-10 inch standard automotive air filter,Sun Wong,1977,Female,102 Lexington Ave,Somerville,2144,US
2440,6,5/12/17,5/14/17,1005,CleanHex 12,Automotive,1005-12 inch hexagonal automotive air filter,Edith Bunker,1955,Female,2335 Canton Hwy #6,Windsor,N8N 3N2,CA
2441,11,3/12/17,3/19/17,1005,CleanHex 12,Automotive,1005-12 inch hexagonal automotive air filter,Sudhir Abbogottu,,Male,10276 Brooks St,San Francisco,94105,US
2442,2,12/4/17,12/9/17,1006,OilSuperMax,Automotive,1006 Standard automotive oil filter with carbonGrab technology,Jeanne Fitzgerald,1976,Female,4 B Blue Ridge Blvd,Livingston,48116,US
2443,12,5/9/17,5/16/17,1007,OilUltraMax,Automotive,1007 Standard automotive oil filter with carbonGrab technology and 10,,,,,,,
2445,13,5/23/17,5/29/17,1001,CleanMax 12,Automotive,1001-12 inch standard automotive air filter,Allen Broadbent,1974,Male,9 Tower Ave,Boone,41005,US
2446,12,12/1/17,12/8/17,1002,CleanMax 10,Automotive,1002-10 inch standard automotive air filter,Allison Willis,1971,Female,1 Washington St,Palm Beach,33461,US
2447,10,6/16/17,6/19/17,1006,OilSuperMax,Automotive,1006 Standard automotive oil filter with carbonGrab technology,Sun Wong,1977,Female,102 Lexington Ave,Somerville,2144,US
2448,10,6/8/17,6/13/17,1001,CleanMax 12,Automotive,1001-12 inch standard automotive air filter,Sun Wong,1977,Female,102 Lexington Ave,Somerville,2144,US
2449,1,1/1/17,1/8/17,1001,CleanMax 12,Automotive,1001-12 inch standard automotive air filter,Kathy Martin,1976,Female,6649 N Blue Gum St,New Orleans,70116,US
2450,4,10/27/17,10/29/17,1003,CleanHex 10,Automotive,1003-10 inch hexagonal automotive air filter,Rebecca Atkinson,1976,Female,639 Main St,Anchorage,99501,US
2451,13,1/16/17,1/22/17,1003,CleanHex 10,Automotive,1003-10 inch hexagonal automotive air filter,Allen Broadbent,1974,Male,9 Tower Ave,Boone,41005,US
2452,4,6/9/17,6/10/17,1007,OilUltraMax,Automotive,1007 Standard automotive oil filter with carbonGrab technology and 10,,,,,,,
2453,9,9/23/17,9/24/17,1003,CleanHex 10,Automotive,1003-10 inch hexagonal automotive air filter,Viraj Shakur,1981,Female,69734 E Carrillo St,Warren,37110,US
2456,9,5/6/17,5/7/17,1005,CleanHex 12,Automotive,1005-12 inch hexagonal automotive air filter,Viraj Shakur,1981,Female,69734 E Carrillo St,Warren,37110,US
2457,11,4/22/17,4/28/17,1006,OilSuperMax,Automotive,1006 Standard automotive oil filter with carbonGrab technology,Sudhir Abbogottu,,Male,10276 Brooks St,San Francisco,94105,US
2458,14,6/25/17,6/29/17,1005,CleanHex 12,Automotive,1005-12 inch hexagonal automotive air filter,Brooke Miles,1977,Female,63 Smith Ln #8343,Clay,38575,US
2459,11,9/26/17,9/29/17,1002,CleanMax 10,Automotive,1002-10 inch standard automotive air filter,Sudhir Abbogottu,,Male,10276 Brooks St,San Francisco,94105,US
2461,6,12/18/17,12/22/17,1006,OilSuperMax,Automotive,1006 Standard automotive oil filter with carbonGrab technology,Edith Bunker,1955,Female,2335 Canton Hwy #6,Windsor,N8N 3N2,CA
2462,7,10/8/17,10/14/17,1001,CleanMax 12,Automotive,1001-12 inch standard automotive air filter,Lakshmi Rohanna,1975,Female,25 E 75th St,Los Angeles,90034,US
2463,2,11/21/17,11/25/17,1002,CleanMax 10,Automotive,1002-10 inch standard automotive air filter,Jeanne Fitzgerald,1976,Female,4 B Blue Ridge Blvd,Livingston,48116,US
2464,3,4/21/17,4/22/17,1001,CleanMax 12,Automotive,1001-12 inch standard automotive air filter,Samantha Powers,1994,Female,8 W Cerritos Ave #54,Gloucester,8014,US
2465,1,12/13/17,12/16/17,1004,OilMax,Automotive,1004 Standard automotive oil filter,Kathy Martin,1976,Female,6649 N Blue Gum St,New Orleans,70116,US
2466,4,9/19/17,9/25/17,1003,CleanHex 10,Automotive,1003-10 inch hexagonal automotive air filter,Rebecca Atkinson,1976,Female,639 Main St,Anchorage,99501,US
2467,10,5/5/17,5/6/17,1002,CleanMax 10,Automotive,1002-10 inch standard automotive air filter,Sun Wong,1977,Female,102 Lexington Ave,Somerville,2144,US
2468,2,9/28/17,9/29/17,1003,CleanHex 10,Automotive,1003-10 inch hexagonal automotive air filter,Jeanne Fitzgerald,1976,Female,4 B Blue Ridge Blvd,Livingston,48116,US
2469,10,9/21/17,9/27/17,1007,OilUltraMax,Automotive,1007 Standard automotive oil filter with carbonGrab technology and 10,,,,,,,
2470,13,12/3/17,12/6/17,1004,OilMax,Automotive,1004 Standard automotive oil filter,Allen Broadbent,1974,Male,9 Tower Ave,Boone,41005,US
2471,4,8/22/17,8/24/17,1004,OilMax,Automotive,1004 Standard automotive oil filter,Rebecca Atkinson,1976,Female,639 Main St,Anchorage,99501,US
2472,11,5/26/17,5/27/17,1006,OilSuperMax,Automotive,1006 Standard automotive oil filter with carbonGrab technology,Sudhir Abbogottu,,Male,10276 Brooks St,San Francisco,94105,US
2473,5,3/15/17,3/22/17,1007,OilUltraMax,Automotive,1007 Standard automotive oil filter with carbonGrab technology and 10,,,,,,,
2474,14,12/2/17,12/3/17,1001,CleanMax 12,Automotive,1001-12 inch standard automotive air filter,Brooke Miles,1977,Female,63 Smith Ln #8343,Clay,38575,US
2475,2,10/7/17,10/9/17,1004,OilMax,Automotive,1004 Standard automotive oil filter,Jeanne Fitzgerald,1976,Female,4 B Blue Ridge Blvd,Livingston,48116,US
2476,8,6/18/17,6/22/17,1004,OilMax,Automotive,1004 Standard automotive oil filter,Jenny Gareth,1971,Female,73 State Road 434 E,Maricopa,85013,US
2477,8,9/2/17,9/8/17,1004,OilMax,Automotive,1004 Standard automotive oil filter,Jenny Gareth,1971,Female,73 State Road 434 E,Maricopa,85013,US
2478,5,2/16/17,2/22/17,1002,CleanMax 10,Automotive,1002-10 inch standard automotive air filter,1996,1996,Male,10 Park St,Butler,45011,US
2479,13,4/7/17,4/13/17,1007,OilUltraMax,Automotive,1007 Standard automotive oil filter with carbonGrab technology and 10,,,,,,,
2480,7,3/16/17,3/18/17,1004,OilMax,Automotive,1004 Standard automotive oil filter,Lakshmi Rohanna,1975,Female,25 E 75th St,Los Angeles,90034,US
2481,7,10/9/17,10/13/17,1007,OilUltraMax,Automotive,1007 Standard automotive oil filter with carbonGrab technology and 10,,,,,,,
2483,6,9/30/17,10/5/17,1006,OilSuperMax,Automotive,1006 Standard automotive oil filter with carbonGrab technology,Edith Bunker,1955,Female,2335 Canton Hwy #6,Windsor,N8N 3N2,CA
2484,7,6/21/17,6/28/17,1005,CleanHex 12,Automotive,1005-12 inch hexagonal automotive air filter,Lakshmi Rohanna,1975,Female,25 E 75th St,Los Angeles,90034,US
2485,4,2/19/17,2/25/17,1007,OilUltraMax,Automotive,1007 Standard automotive oil filter with carbonGrab technology and 10,,,,,,,
2486,3,6/30/17,7/6/17,1004,OilMax,Automotive,1004 Standard automotive oil filter,Samantha Powers,1994,Female,8 W Cerritos Ave #54,Gloucester,8014,US
2487,13,3/31/17,4/1/17,1001,CleanMax 12,Automotive,1001-12 inch standard automotive air filter,Allen Broadbent,1974,Male,9 Tower Ave,Boone,41005,US
2488,1,8/21/17,8/24/17,1006,OilSuperMax,Automotive,1006 Standard automotive oil filter with carbonGrab technology,Kathy Martin,1976,Female,6649 N Blue Gum St,New Orleans,70116,US
2489,8,2/3/17,2/9/17,1001,CleanMax 12,Automotive,1001-12 inch standard automotive air filter,Jenny Gareth,1971,Female,73 State Road 434 E,Maricopa,85013,US
2490,3,8/11/17,8/18/17,1005,CleanHex 12,Automotive,1005-12 inch hexagonal automotive air filter,Samantha Powers,1994,Female,8 W Cerritos Ave #54,Gloucester,8014,US
2491,2,12/9/17,12/10/17,1002,CleanMax 10,Automotive,1002-10 inch standard automotive air filter,Jeanne Fitzgerald,1976,Female,4 B Blue Ridge Blvd,Livingston,48116,US
2493,9,1/9/17,1/10/17,1003,CleanHex 10,Automotive,1003-10 inch hexagonal automotive air filter,Viraj Shakur,1981,Female,69734 E Carrillo St,Warren,37110,US
2494,14,5/18/17,5/20/17,1004,OilMax,Automotive,1004 Standard automotive oil filter,Brooke Miles,1977,Female,63 Smith Ln #8343,Clay,38575,US
2495,8,9/29/17,10/2/17,1006,OilSuperMax,Automotive,1006 Standard automotive oil filter with carbonGrab technology,Jenny Gareth,1971,Female,73 State Road 434 E,Maricopa,85013,US
2496,13,1/29/17,1/30/17,1005,CleanHex 12,Automotive,1005-12 inch hexagonal automotive air filter,Allen Broadbent,1974,Male,9 Tower Ave,Boone,41005,US
2497,13,10/28/17,11/4/17,1001,CleanMax 12,Automotive,1001-12 inch standard automotive air filter,Allen Broadbent,1974,Male,9 Tower Ave,Boone,41005,US
2498,1,12/12/17,12/19/17,1003,CleanHex 10,Automotive,1003-10 inch hexagonal automotive air filter,Kathy Martin,1976,Female,6649 N Blue Gum St,New Orleans,70116,US
2499,10,4/2/17,4/3/17,1002,CleanMax 10,Automotive,1002-10 inch standard automotive air filter,Sun Wong,1977,Female,102 Lexington Ave,Somerville,2144,US
2500,3,4/26/17,5/1/17,1006,OilSuperMax,Automotive,1006 Standard automotive oil filter with carbonGrab technology,Samantha Powers,1994,Female,8 W Cerritos Ave #54,Gloucester,8014,US
2501,1,12/16/17,12/17/17,1004,OilMax,Automotive,1004 Standard automotive oil filter,Kathy Martin,1976,Female,6649 N Blue Gum St,New Orleans,70116,US
2502,14,12/9/17,12/15/17,1006,OilSuperMax,Automotive,1006 Standard automotive oil filter with carbonGrab technology,Brooke Miles,1977,Female,63 Smith Ln #8343,Clay,38575,US
2504,4,9/25/17,9/26/17,1001,CleanMax 12,Automotive,1001-12 inch standard automotive air filter,Rebecca Atkinson,1976,Female,639 Main St,Anchorage,99501,US
2505,11,8/23/17,8/29/17,1001,CleanMax 12,Automotive,1001-12 inch standard automotive air filter,Sudhir Abbogottu,,Male,10276 Brooks St,San Francisco,94105,US
2506,13,1/24/17,1/30/17,1005,CleanHex 12,Automotive,1005-12 inch hexagonal automotive air filter,Allen Broadbent,1974,Male,9 Tower Ave,Boone,41005,US
2507,14,6/2/17,6/3/17,1003,CleanHex 10,Automotive,1003-10 inch hexagonal automotive air filter,Brooke Miles,1977,Female,63 Smith Ln #8343,Clay,38575,US
2508,13,12/21/17,12/26/17,1006,OilSuperMax,Automotive,1006 Standard automotive oil filter with carbonGrab technology,Allen Broadbent,1974,Male,9 Tower Ave,Boone,41005,US
2509,6,8/29/17,9/4/17,1005,CleanHex 12,Automotive,1005-12 inch hexagonal automotive air filter,Edith Bunker,1955,Female,2335 Canton Hwy #6,Windsor,N8N 3N2,CA
2510,7,12/14/17,12/15/17,1004,OilMax,Automotive,1004 Standard automotive oil filter,Lakshmi Rohanna,1975,Female,25 E 75th St,Los Angeles,90034,US
2511,6,4/26/17,5/2/17,1006,OilSuperMax,Automotive,1006 Standard automotive oil filter with carbonGrab technology,Edith Bunker,1955,Female,2335 Canton Hwy #6,Windsor,N8N 3N2,CA
2512,2,4/2/17,4/5/17,1005,CleanHex 12,Automotive,1005-12 inch hexagonal automotive air filter,Jeanne Fitzgerald,1976,Female,4 B Blue Ridge Blvd,Livingston,48116,US
2513,1,3/31/17,4/4/17,1002,CleanMax 10,Automotive,1002-10 inch standard automotive air filter,Kathy Martin,1976,Female,6649 N Blue Gum St,New Orleans,70116,US
2514,1,9/24/17,9/30/17,1003,CleanHex 10,Automotive,1003-10 inch hexagonal automotive air filter,Kathy Martin,1976,Female,6649 N Blue Gum St,New Orleans,70116,US
2515,6,11/4/17,11/9/17,1002,CleanMax 10,Automotive,1002-10 inch standard automotive air filter,Edith Bunker,1955,Female,2335 Canton Hwy #6,Windsor,N8N 3N2,CA
2516,11,10/10/17,10/15/17,1004,OilMax,Automotive,1004 Standard automotive oil filter,Sudhir Abbogottu,,Male,10276 Brooks St,San Francisco,94105,US
2517,5,8/15/17,8/19/17,1001,CleanMax 12,Automotive,1001-12 inch standard automotive air filter,1996,1996,Male,10 Park St,Butler,45011,US
2518,8,11/5/17,11/12/17,1005,CleanHex 12,Automotive,1005-12 inch hexagonal automotive air filter,Jenny Gareth,1971,Female,73 State Road 434 E,Maricopa,85013,US
2519,6,12/19/17,12/22/17,1002,CleanMax 10,Automotive,1002-10 inch standard automotive air filter,Edith Bunker,1955,Female,2335 Canton Hwy #6,Windsor,N8N 3N2,CA
2520,6,8/1/17,8/3/17,1003,CleanHex 10,Automotive,1003-10 inch hexagonal automotive air filter,Edith Bunker,1955,Female,2335 Canton Hwy #6,Windsor,N8N 3N2,CA
2521,14,8/17/17,8/23/17,1007,OilUltraMax,Automotive,1007 Standard automotive oil filter with carbonGrab technology and 10,,,,,,,
2522,9,8/12/17,8/14/17,1001,CleanMax 12,Automotive,1001-12 inch standard automotive air filter,Viraj Shakur,1981,Female,69734 E Carrillo St,Warren,37110,US
2523,5,9/3/17,9/4/17,1002,CleanMax 10,Automotive,1002-10 inch standard automotive air filter,1996,1996,Male,10 Park St,Butler,45011,US
2524,5,6/4/17,6/8/17,1003,CleanHex 10,Automotive,1003-10 inch hexagonal automotive air filter,1996,1996,Male,10 Park St,Butler,45011,US
2525,2,12/22/17,12/25/17,1005,CleanHex 12,Automotive,1005-12 inch hexagonal automotive air filter,Jeanne Fitzgerald,1976,Female,4 B Blue Ridge Blvd,Livingston,48116,US
2526,7,1/3/17,1/5/17,1004,OilMax,Automotive,1004 Standard automotive oil filter,Lakshmi Rohanna,1975,Female,25 E 75th St,Los Angeles,90034,US
2527,13,6/13/17,6/20/17,1004,OilMax,Automotive,1004 Standard automotive oil filter,Allen Broadbent,1974,Male,9 Tower Ave,Boone,41005,US
2528,9,2/6/17,2/12/17,1004,OilMax,Automotive,1004 Standard automotive oil filter,Viraj Shakur,1981,Female,69734 E Carrillo St,Warren,37110,US
2529,9,8/9/17,8/11/17,1006,OilSuperMax,Automotive,1006 Standard automotive oil filter with carbonGrab technology,Viraj Shakur,1981,Female,69734 E Carrillo St,Warren,37110,US
2530,12,3/17/17,3/23/17,1003,CleanHex 10,Automotive,1003-10 inch hexagonal automotive air filter,Allison Willis,1971,Female,1 Washington St,Palm Beach,33461,US
2531,4,2/21/17,2/27/17,1007,OilUltraMax,Automotive,1007 Standard automotive oil filter with carbonGrab technology and 10,,,,,,,
2532,13,10/22/17,10/24/17,1005,CleanHex 12,Automotive,1005-12 inch hexagonal automotive air filter,Allen Broadbent,1974,Male,9 Tower Ave,Boone,41005,US
2533,3,8/28/17,9/1/17,1005,CleanHex 12,Automotive,1005-12 inch hexagonal automotive air filter,Samantha Powers,1994,Female,8 W Cerritos Ave #54,Gloucester,8014,US
2534,11,5/7/17,5/11/17,1007,OilUltraMax,Automotive,1007 Standard automotive oil filter with carbonGrab technology and 10,,,,,,,
2535,2,9/4/17,9/11/17,1002,CleanMax 10,Automotive,1002-10 inch standard automotive air filter,Jeanne Fitzgerald,1976,Female,4 B Blue Ridge Blvd,Livingston,48116,US
2536,12,12/16/17,12/18/17,1005,CleanHex 12,Automotive,1005-12 inch hexagonal automotive air filter,Allison Willis,1971,Female,1 Washington St,Palm Beach,33461,US
2538,10,1/10/17,1/14/17,1004,OilMax,Automotive,1004 Standard automotive oil filter,Sun Wong,1977,Female,102 Lexington Ave,Somerville,2144,US
2539,12,2/22/17,2/23/17,1002,CleanMax 10,Automotive,1002-10 inch standard automotive air filter,Allison Willis,1971,Female,1 Washington St,Palm Beach,33461,US
2540,11,12/31/17,1/6/18,1001,CleanMax 12,Automotive,1001-12 inch standard automotive air filter,Sudhir Abbogottu,,Male,10276 Brooks St,San Francisco,94105,US
2541,4,10/18/17,10/24/17,1005,CleanHex 12,Automotive,1005-12 inch hexagonal automotive air filter,Rebecca Atkinson,1976,Female,639 Main St,Anchorage,99501,US
2542,10,1/28/17,2/2/17,1001,CleanMax 12,Automotive,1001-12 inch standard automotive air filter,Sun Wong,1977,Female,102 Lexington Ave,Somerville,2144,US
2543,13,9/26/17,10/1/17,1002,CleanMax 10,Automotive,1002-10 inch standard automotive air filter,Allen Broadbent,1974,Male,9 Tower Ave,Boone,41005,US
2544,3,9/16/17,9/18/17,1001,CleanMax 12,Automotive,1001-12 inch standard automotive air filter,Samantha Powers,1994,Female,8 W Cerritos Ave #54,Gloucester,8014,US
2546,12,1/4/17,1/6/17,1006,OilSuperMax,Automotive,1006 Standard automotive oil filter with carbonGrab technology,Allison Willis,1971,Female,1 Washington St,Palm Beach,33461,US
2547,13,1/26/17,1/28/17,1003,CleanHex 10,Automotive,1003-10 inch hexagonal automotive air filter,Allen Broadbent,1974,Male,9 Tower Ave,Boone,41005,US
2548,11,6/30/17,7/4/17,1006,OilSuperMax,Automotive,1006 Standard automotive oil filter with carbonGrab technology,Sudhir Abbogottu,,Male,10276 Brooks St,San Francisco,94105,US
2549,12,5/10/17,5/11/17,1002,CleanMax 10,Automotive,1002-10 inch standard automotive air filter,Allison Willis,1971,Female,1 Washington St,Palm Beach,33461,US
2550,6,10/12/17,10/18/17,1007,OilUltraMax,Automotive,1007 Standard automotive oil filter with carbonGrab technology and 10,,,,,,,
2551,14,5/7/17,5/10/17,1005,CleanHex 12,Automotive,1005-12 inch hexagonal automotive air filter,Brooke Miles,1977,Female,63 Smith Ln #8343,Clay,38575,US
2552,12,3/2/17,3/5/17,1005,CleanHex 12,Automotive,1005-12 inch hexagonal automotive air filter,Allison Willis,1971,Female,1 Washington St,Palm Beach,33461,US
2553,5,6/12/17,6/15/17,1003,CleanHex 10,Automotive,1003-10 inch hexagonal automotive air filter,1996,1996,Male,10 Park St,Butler,45011,US
2554,10,3/18/17,3/24/17,1002,CleanMax 10,Automotive,1002-10 inch standard automotive air filter,Sun Wong,1977,Female,102 Lexington Ave,Somerville,2144,US
2555,7,11/24/17,11/26/17,1004,OilMax,Automotive,1004 Standard automotive oil filter,Lakshmi Rohanna,1975,Female,25 E 75th St,Los Angeles,90034,US
2556,4,9/15/17,9/20/17,1003,CleanHex 10,Automotive,1003-10 inch hexagonal automotive air filter,Rebecca Atkinson,1976,Female,639 Main St,Anchorage,99501,US
2557,9,1/12/17,1/14/17,1006,OilSuperMax,Automotive,1006 Standard automotive oil filter with carbonGrab technology,Viraj Shakur,1981,Female,69734 E Carrillo St,Warren,37110,US
2558,10,9/17/17,9/21/17,1004,OilMax,Automotive,1004 Standard automotive oil filter,Sun Wong,1977,Female,102 Lexington Ave,Somerville,2144,US
2562,8,9/18/17,9/19/17,1006,OilSuperMax,Automotive,1006 Standard automotive oil filter with carbonGrab technology,Jenny Gareth,1971,Female,73 State Road 434 E,Maricopa,85013,US
2564,9,9/11/17,9/17/17,1005,CleanHex 12,Automotive,1005-12 inch hexagonal automotive air filter,Viraj Shakur,1981,Female,69734 E Carrillo St,Warren,37110,US
2565,5,5/29/17,5/31/17,1004,OilMax,Automotive,1004 Standard automotive oil filter,1996,1996,Male,10 Park St,Butler,45011,US
2566,4,5/6/17,5/9/17,1006,OilSuperMax,Automotive,1006 Standard automotive oil filter with carbonGrab technology,Rebecca Atkinson,1976,Female,639 Main St,Anchorage,99501,US
2567,7,10/4/17,10/6/17,1007,OilUltraMax,Automotive,1007 Standard automotive oil filter with carbonGrab technology and 10,,,,,,,
2568,2,9/15/17,9/19/17,1001,CleanMax 12,Automotive,1001-12 inch standard automotive air filter,Jeanne Fitzgerald,1976,Female,4 B Blue Ridge Blvd,Livingston,48116,US
2569,12,4/5/17,4/11/17,1004,OilMax,Automotive,1004 Standard automotive oil filter,Allison Willis,1971,Female,1 Washington St,Palm Beach,33461,US
2570,10,10/30/17,11/6/17,1003,CleanHex 10,Automotive,1003-10 inch hexagonal automotive air filter,Sun Wong,1977,Female,10 Westminster St,Somerville,2144,US
2571,12,4/13/17,4/14/17,1004,OilMax,Automotive,1004 Standard automotive oil filter,Allison Willis,1971,Female,1 Washington St,Palm Beach,33461,US
2572,14,3/1/17,3/7/17,1006,OilSuperMax,Automotive,1006 Standard automotive oil filter with carbonGrab technology,Brooke Miles,1977,Female,63 Smith Ln #8343,Clay,38575,US
2573,1,5/2/17,5/4/17,1003,CleanHex 10,Automotive,1003-10 inch hexagonal automotive air filter,Kathy Martin,1976,Female,6649 N Blue Gum St,New Orleans,70116,US
2574,9,3/2/17,3/4/17,1002,CleanMax 10,Automotive,1002-10 inch standard automotive air filter,Viraj Shakur,1981,Female,69734 E Carrillo St,Warren,37110,US
2575,2,10/12/17,10/15/17,1001,CleanMax 12,Automotive,1001-12 inch standard automotive air filter,Jeanne Fitzgerald,1976,Female,4 B Blue Ridge Blvd,Livingston,48116,US
2576,7,1/2/17,1/3/17,1007,OilUltraMax,Automotive,1007 Standard automotive oil filter with carbonGrab technology and 10,,,,,,,
2577,2,4/21/17,4/25/17,1001,CleanMax 12,Automotive,1001-12 inch standard automotive air filter,Jeanne Fitzgerald,1976,Female,4 B Blue Ridge Blvd,Livingston,48116,US
2579,7,12/6/17,12/13/17,1001,CleanMax 12,Automotive,1001-12 inch standard automotive air filter,Lakshmi Rohanna,1975,Female,25 E 75th St,Los Angeles,90034,US
2580,11,9/12/17,9/13/17,1006,OilSuperMax,Automotive,1006 Standard automotive oil filter with carbonGrab technology,Sudhir Abbogottu,,Male,10276 Brooks St,San Francisco,94105,US
2581,14,8/1/17,8/5/17,1007,OilUltraMax,Automotive,1007 Standard automotive oil filter with carbonGrab technology and 10,,,,,,,
2582,13,9/30/17,10/6/17,1006,OilSuperMax,Automotive,1006 Standard automotive oil filter with carbonGrab technology,Allen Broadbent,1974,Male,9 Tower Ave,Boone,41005,US
2583,7,6/18/17,6/24/17,1007,OilUltraMax,Automotive,1007 Standard automotive oil filter with carbonGrab technology and 10,,,,,,,
2584,14,12/3/17,12/7/17,1002,CleanMax 10,Automotive,1002-10 inch standard automotive air filter,Brooke Miles,1977,Female,63 Smith Ln #8343,Clay,38575,US
2585,13,10/11/17,10/14/17,1006,OilSuperMax,Automotive,1006 Standard automotive oil filter with carbonGrab technology,Allen Broadbent,1974,Male,9 Tower Ave,Boone,41005,US
2586,13,12/25/17,1/1/18,1002,CleanMax 10,Automotive,1002-10 inch standard automotive air filter,Allen Broadbent,1974,Male,9 Tower Ave,Boone,41005,US
2587,10,8/1/17,8/8/17,1003,CleanHex 10,Automotive,1003-10 inch hexagonal automotive air filter,Sun Wong,1977,Female,102 Lexington Ave,Somerville,2144,US
2588,9,4/1/17,4/4/17,1002,CleanMax 10,Automotive,1002-10 inch standard automotive air filter,Viraj Shakur,1981,Female,69734 E Carrillo St,Warren,37110,US
2589,9,9/29/17,10/4/17,1006,OilSuperMax,Automotive,1006 Standard automotive oil filter with carbonGrab technology,Viraj Shakur,1981,Female,69734 E Carrillo St,Warren,37110,US
2590,4,1/10/17,1/11/17,1004,OilMax,Automotive,1004 Standard automotive oil filter,Rebecca Atkinson,1976,Female,639 Main St,Anchorage,99501,US
2591,5,4/22/17,4/27/17,1004,OilMax,Automotive,1004 Standard automotive oil filter,1996,1996,Male,10 Park St,Butler,45011,US
2592,3,4/18/17,4/20/17,1002,CleanMax 10,Automotive,1002-10 inch standard automotive air filter,Samantha Powers,1994,Female,8 W Cerritos Ave #54,Gloucester,8014,US
2593,3,10/10/17,10/11/17,1004,OilMax,Automotive,1004 Standard automotive oil filter,Samantha Powers,1994,Female,8 W Cerritos Ave #54,Gloucester,8014,US
2594,9,10/16/17,10/19/17,1002,CleanMax 10,Automotive,1002-10 inch standard automotive air filter,Viraj Shakur,1981,Female,69734 E Carrillo St,Warren,37110,US
2595,1,2/6/17,2/10/17,1007,OilUltraMax,Automotive,1007 Standard automotive oil filter with carbonGrab technology and 10,,,,,,,
2596,10,11/17/17,11/21/17,1005,CleanHex 12,Automotive,1005-12 inch hexagonal automotive air filter,Sun Wong,1977,Female,10 Westminster St,Somerville,2144,US
2597,3,5/14/17,5/19/17,1005,CleanHex 12,Automotive,1005-12 inch hexagonal automotive air filter,Samantha Powers,1994,Female,8 W Cerritos Ave #54,Gloucester,8014,US
2598,1,11/14/17,11/18/17,1007,OilUltraMax,Automotive,1007 Standard automotive oil filter with carbonGrab technology and 10,,,,,,,
2599,1,6/10/17,6/14/17,1005,CleanHex 12,Automotive,1005-12 inch hexagonal automotive air filter,Kathy Martin,1976,Female,6649 N Blue Gum St,New Orleans,70116,US
2600,11,8/29/17,9/5/17,1006,OilSuperMax,Automotive,1006 Standard automotive oil filter with carbonGrab technology,Sudhir Abbogottu,,Male,10276 Brooks St,San Francisco,94105,US
2601,7,2/22/17,2/26/17,1005,CleanHex 12,Automotive,1005-12 inch hexagonal automotive air filter,Lakshmi Rohanna,1975,Female,25 E 75th St,Los Angeles,90034,US
2602,12,11/7/17,11/13/17,1004,OilMax,Automotive,1004 Standard automotive oil filter,Allison Willis,1971,Female,1 Washington St,Palm Beach,33461,US
2603,6,9/7/17,9/10/17,1005,CleanHex 12,Automotive,1005-12 inch hexagonal automotive air filter,Edith Bunker,1955,Female,2335 Canton Hwy #6,Windsor,N8N 3N2,CA
2604,13,10/2/17,10/8/17,1005,CleanHex 12,Automotive,1005-12 inch hexagonal automotive air filter,Allen Broadbent,1974,Male,9 Tower Ave,Boone,41005,US
2605,2,5/11/17,5/13/17,1007,OilUltraMax,Automotive,1007 Standard automotive oil filter with carbonGrab technology and 10,,,,,,,
2606,14,11/16/17,11/17/17,1006,OilSuperMax,Automotive,1006 Standard automotive oil filter with carbonGrab technology,Brooke Miles,1977,Female,63 Smith Ln #8343,Clay,38575,US
2607,14,11/3/17,11/5/17,1002,CleanMax 10,Automotive,1002-10 inch standard automotive air filter,Brooke Miles,1977,Female,63 Smith Ln #8343,Clay,38575,US
2608,10,11/11/17,11/16/17,1007,OilUltraMax,Automotive,1007 Standard automotive oil filter with carbonGrab technology and 10,,,,,,,
2610,14,12/10/17,12/12/17,1002,CleanMax 10,Automotive,1002-10 inch standard automotive air filter,Brooke Miles,1977,Female,63 Smith Ln #8343,Clay,38575,US
2611,9,9/9/17,9/12/17,1001,CleanMax 12,Automotive,1001-12 inch standard automotive air filter,Viraj Shakur,1981,Female,69734 E Carrillo St,Warren,37110,US
2612,9,5/14/17,5/19/17,1003,CleanHex 10,Automotive,1003-10 inch hexagonal automotive air filter,Viraj Shakur,1981,Female,69734 E Carrillo St,Warren,37110,US
2613,10,8/17/17,8/19/17,1005,CleanHex 12,Automotive,1005-12 inch hexagonal automotive air filter,Sun Wong,1977,Female,102 Lexington Ave,Somerville,2144,US
2614,11,6/3/17,6/10/17,1001,CleanMax 12,Automotive,1001-12 inch standard automotive air filter,Sudhir Abbogottu,,Male,10276 Brooks St,San Francisco,94105,US
2615,4,10/8/17,10/14/17,1003,CleanHex 10,Automotive,1003-10 inch hexagonal automotive air filter,Rebecca Atkinson,1976,Female,639 Main St,Anchorage,99501,US
2616,7,12/4/17,12/8/17,1005,CleanHex 12,Automotive,1005-12 inch hexagonal automotive air filter,Lakshmi Rohanna,1975,Female,25 E 75th St,Los Angeles,90034,US
2618,13,5/12/17,5/14/17,1005,CleanHex 12,Automotive,1005-12 inch hexagonal automotive air filter,Allen Broadbent,1974,Male,9 Tower Ave,Boone,41005,US
2619,3,9/19/17,9/23/17,1003,CleanHex 10,Automotive,1003-10 inch hexagonal automotive air filter,Samantha Powers,1994,Female,8 W Cerritos Ave #54,Gloucester,8014,US
2620,11,1/17/17,1/22/17,1007,OilUltraMax,Automotive,1007 Standard automotive oil filter with carbonGrab technology and 10,,,,,,,
2621,7,12/24/17,12/30/17,1002,CleanMax 10,Automotive,1002-10 inch standard automotive air filter,Lakshmi Rohanna,1975,Female,25 E 75th St,Los Angeles,90034,US
2622,7,12/18/17,12/22/17,1005,CleanHex 12,Automotive,1005-12 inch hexagonal automotive air filter,Lakshmi Rohanna,1975,Female,25 E 75th St,Los Angeles,90034,US
2623,7,6/30/17,7/1/17,1001,CleanMax 12,Automotive,1001-12 inch standard automotive air filter,Lakshmi Rohanna,1975,Female,25 E 75th St,Los Angeles,90034,US
2624,11,2/28/17,3/5/17,1002,CleanMax 10,Automotive,1002-10 inch standard automotive air filter,Sudhir Abbogottu,,Male,10276 Brooks St,San Francisco,94105,US
2625,5,6/29/17,7/2/17,1001,CleanMax 12,Automotive,1001-12 inch standard automotive air filter,1996,1996,Male,10 Park St,Butler,45011,US
2626,10,11/11/17,11/17/17,1006,OilSuperMax,Automotive,1006 Standard automotive oil filter with carbonGrab technology,Sun Wong,1977,Female,10 Westminster St,Somerville,2144,US
2627,7,12/13/17,12/17/17,1002,CleanMax 10,Automotive,1002-10 inch standard automotive air filter,Lakshmi Rohanna,1975,Female,25 E 75th St,Los Angeles,90034,US
2628,11,9/6/17,9/7/17,1005,CleanHex 12,Automotive,1005-12 inch hexagonal automotive air filter,Sudhir Abbogottu,,Male,10276 Brooks St,San Francisco,94105,US
2629,5,4/8/17,4/12/17,1002,CleanMax 10,Automotive,1002-10 inch standard automotive air filter,1996,1996,Male,10 Park St,Butler,45011,US
2630,14,8/5/17,8/7/17,1004,OilMax,Automotive,1004 Standard automotive oil filter,Brooke Miles,1977,Female,63 Smith Ln #8343,Clay,38575,US
2631,2,4/3/17,4/7/17,1006,OilSuperMax,Automotive,1006 Standard automotive oil filter with carbonGrab technology,Jeanne Fitzgerald,1976,Female,4 B Blue Ridge Blvd,Livingston,48116,US
2633,12,11/23/17,11/30/17,1004,OilMax,Automotive,1004 Standard automotive oil filter,Allison Willis,1971,Female,1 Washington St,Palm Beach,33461,US
2634,11,10/30/17,11/4/17,1002,CleanMax 10,Automotive,1002-10 inch standard automotive air filter,Sudhir Abbogottu,,Male,10276 Brooks St,San Francisco,94105,US
2635,10,9/21/17,9/26/17,1007,OilUltraMax,Automotive,1007 Standard automotive oil filter with carbonGrab technology and 10,,,,,,,
2636,3,9/21/17,9/25/17,1005,CleanHex 12,Automotive,1005-12 inch hexagonal automotive air filter,Samantha Powers,1994,Female,8 W Cerritos Ave #54,Gloucester,8014,US
2637,2,10/11/17,10/15/17,1005,CleanHex 12,Automotive,1005-12 inch hexagonal automotive air filter,Jeanne Fitzgerald,1976,Female,4 B Blue Ridge Blvd,Livingston,48116,US
2638,13,11/3/17,11/4/17,1005,CleanHex 12,Automotive,1005-12 inch hexagonal automotive air filter,Allen Broadbent,1974,Male,9 Tower Ave,Boone,41005,US
2639,7,6/14/17,6/15/17,1005,CleanHex 12,Automotive,1005-12 inch hexagonal automotive air filter,Lakshmi Rohanna,1975,Female,25 E 75th St,Los Angeles,90034,US
2640,10,4/18/17,4/19/17,1005,CleanHex 12,Automotive,1005-12 inch hexagonal automotive air filter,Sun Wong,1977,Female,102 Lexington Ave,Somerville,2144,US
2641,9,9/7/17,9/14/17,1006,OilSuperMax,Automotive,1006 Standard automotive oil filter with carbonGrab technology,Viraj Shakur,1981,Female,69734 E Carrillo St,Warren,37110,US
2642,12,9/11/17,9/13/17,1001,CleanMax 12,Automotive,1001-12 inch standard automotive air filter,Allison Willis,1971,Female,1 Washington St,Palm Beach,33461,US
2643,9,5/15/17,5/18/17,1004,OilMax,Automotive,1004 Standard automotive oil filter,Viraj Shakur,1981,Female,69734 E Carrillo St,Warren,37110,US
2644,14,5/29/17,6/3/17,1002,CleanMax 10,Automotive,1002-10 inch standard automotive air filter,Brooke Miles,1977,Female,63 Smith Ln #8343,Clay,38575,US
2645,9,11/19/17,11/26/17,1006,OilSuperMax,Automotive,1006 Standard automotive oil filter with carbonGrab technology,Viraj Shakur,1981,Female,69734 E Carrillo St,Warren,37110,US
2646,1,9/18/17,9/20/17,1002,CleanMax 10,Automotive,1002-10 inch standard automotive air filter,Kathy Martin,1976,Female,6649 N Blue Gum St,New Orleans,70116,US
2647,10,2/11/17,2/18/17,1006,OilSuperMax,Automotive,1006 Standard automotive oil filter with carbonGrab technology,Sun Wong,1977,Female,102 Lexington Ave,Somerville,2144,US
2648,7,10/18/17,10/19/17,1003,CleanHex 10,Automotive,1003-10 inch hexagonal automotive air filter,Lakshmi Rohanna,1975,Female,25 E 75th St,Los Angeles,90034,US
2649,3,5/30/17,6/4/17,1002,CleanMax 10,Automotive,1002-10 inch standard automotive air filter,Samantha Powers,1994,Female,8 W Cerritos Ave #54,Gloucester,8014,US
2650,7,8/19/17,8/22/17,1005,CleanHex 12,Automotive,1005-12 inch hexagonal automotive air filter,Lakshmi Rohanna,1975,Female,25 E 75th St,Los Angeles,90034,US
2651,3,4/19/17,4/20/17,1005,CleanHex 12,Automotive,1005-12 inch hexagonal automotive air filter,Samantha Powers,1994,Female,8 W Cerritos Ave #54,Gloucester,8014,US
2652,1,4/7/17,4/9/17,1001,CleanMax 12,Automotive,1001-12 inch standard automotive air filter,Kathy Martin,1976,Female,6649 N Blue Gum St,New Orleans,70116,US
2653,5,12/9/17,12/13/17,1002,CleanMax 10,Automotive,1002-10 inch standard automotive air filter,1996,1996,Male,10 Park St,Butler,45011,US
2654,6,1/9/17,1/16/17,1004,OilMax,Automotive,1004 Standard automotive oil filter,Edith Bunker,1955,Female,2335 Canton Hwy #6,Windsor,N8N 3N2,CA
2655,10,8/13/17,8/15/17,1006,OilSuperMax,Automotive,1006 Standard automotive oil filter with carbonGrab technology,Sun Wong,1977,Female,102 Lexington Ave,Somerville,2144,US
2656,14,8/29/17,8/30/17,1001,CleanMax 12,Automotive,1001-12 inch standard automotive air filter,Brooke Miles,1977,Female,63 Smith Ln #8343,Clay,38575,US
2657,14,10/7/17,10/11/17,1004,OilMax,Automotive,1004 Standard automotive oil filter,Brooke Miles,1977,Female,63 Smith Ln #8343,Clay,38575,US
2658,11,6/19/17,6/21/17,1006,OilSuperMax,Automotive,1006 Standard automotive oil filter with carbonGrab technology,Sudhir Abbogottu,,Male,10276 Brooks St,San Francisco,94105,US
2659,12,5/1/17,5/2/17,1002,CleanMax 10,Automotive,1002-10 inch standard automotive air filter,Allison Willis,1971,Female,1 Washington St,Palm Beach,33461,US
2660,11,11/3/17,11/10/17,1001,CleanMax 12,Automotive,1001-12 inch standard automotive air filter,Sudhir Abbogottu,,Male,10276 Brooks St,San Francisco,94105,US
2661,5,6/3/17,6/10/17,1003,CleanHex 10,Automotive,1003-10 inch hexagonal automotive air filter,1996,1996,Male,10 Park St,Butler,45011,US
2662,12,11/30/17,12/3/17,1001,CleanMax 12,Automotive,1001-12 inch standard automotive air filter,Allison Willis,1971,Female,1 Washington St,Palm Beach,33461,US
2663,12,8/13/17,8/17/17,1002,CleanMax 10,Automotive,1002-10 inch standard automotive air filter,Allison Willis,1971,Female,1 Washington St,Palm Beach,33461,US
2664,14,2/11/17,2/17/17,1005,CleanHex 12,Automotive,1005-12 inch hexagonal automotive air filter,Brooke Miles,1977,Female,63 Smith Ln #8343,Clay,38575,US
2665,11,5/13/17,5/18/17,1002,CleanMax 10,Automotive,1002-10 inch standard automotive air filter,Sudhir Abbogottu,,Male,10276 Brooks St,San Francisco,94105,US
2666,6,11/8/17,11/9/17,1002,CleanMax 10,Automotive,1002-10 inch standard automotive air filter,Edith Bunker,1955,Female,2335 Canton Hwy #6,Windsor,N8N 3N2,CA
2667,3,4/9/17,4/14/17,1003,CleanHex 10,Automotive,1003-10 inch hexagonal automotive air filter,Samantha Powers,1994,Female,8 W Cerritos Ave #54,Gloucester,8014,US
2668,13,9/11/17,9/13/17,1005,CleanHex 12,Automotive,1005-12 inch hexagonal automotive air filter,Allen Broadbent,1974,Male,9 Tower Ave,Boone,41005,US
2669,14,4/30/17,5/4/17,1006,OilSuperMax,Automotive,1006 Standard automotive oil filter with carbonGrab technology,Brooke Miles,1977,Female,63 Smith Ln #8343,Clay,38575,US
2670,7,9/1/17,9/3/17,1007,OilUltraMax,Automotive,1007 Standard automotive oil filter with carbonGrab technology and 10,,,,,,,
2671,11,4/13/17,4/14/17,1006,OilSuperMax,Automotive,1006 Standard automotive oil filter with carbonGrab technology,Sudhir Abbogottu,,Male,10276 Brooks St,San Francisco,94105,US
2672,4,8/12/17,8/16/17,1005,CleanHex 12,Automotive,1005-12 inch hexagonal automotive air filter,Rebecca Atkinson,1976,Female,639 Main St,Anchorage,99501,US
2673,5,9/30/17,10/7/17,1001,CleanMax 12,Automotive,1001-12 inch standard automotive air filter,1996,1996,Male,10 Park St,Butler,45011,US
2674,7,9/23/17,9/30/17,1002,CleanMax 10,Automotive,1002-10 inch standard automotive air filter,Lakshmi Rohanna,1975,Female,25 E 75th St,Los Angeles,90034,US
2675,5,10/4/17,10/7/17,1002,CleanMax 10,Automotive,1002-10 inch standard automotive air filter,1996,1996,Male,10 Park St,Butler,45011,US
2676,1,8/23/17,8/27/17,1003,CleanHex 10,Automotive,1003-10 inch hexagonal automotive air filter,Kathy Martin,1976,Female,6649 N Blue Gum St,New Orleans,70116,US
2677,10,10/28/17,11/4/17,1002,CleanMax 10,Automotive,1002-10 inch standard automotive air filter,Sun Wong,1977,Female,10 Westminster St,Somerville,2144,US
2678,5,10/7/17,10/10/17,1002,CleanMax 10,Automotive,1002-10 inch standard automotive air filter,1996,1996,Male,10 Park St,Butler,45011,US
2679,14,9/27/17,9/30/17,1006,OilSuperMax,Automotive,1006 Standard automotive oil filter with carbonGrab technology,Brooke Miles,1977,Female,63 Smith Ln #8343,Clay,38575,US
2680,6,9/13/17,9/17/17,1005,CleanHex 12,Automotive,1005-12 inch hexagonal automotive air filter,Edith Bunker,1955,Female,2335 Canton Hwy #6,Windsor,N8N 3N2,CA
2681,7,9/5/17,9/9/17,1006,OilSuperMax,Automotive,1006 Standard automotive oil filter with carbonGrab technology,Lakshmi Rohanna,1975,Female,25 E 75th St,Los Angeles,90034,US
2682,5,12/11/17,12/17/17,1003,CleanHex 10,Automotive,1003-10 inch hexagonal automotive air filter,1996,1996,Male,10 Park St,Butler,45011,US
2683,11,5/3/17,5/8/17,1003,CleanHex 10,Automotive,1003-10 inch hexagonal automotive air filter,Sudhir Abbogottu,,Male,10276 Brooks St,San Francisco,94105,US
2684,7,3/28/17,3/30/17,1007,OilUltraMax,Automotive,1007 Standard automotive oil filter with carbonGrab technology and 10,,,,,,,
2685,5,2/20/17,2/25/17,1005,CleanHex 12,Automotive,1005-12 inch hexagonal automotive air filter,1996,1996,Male,10 Park St,Butler,45011,US
2686,10,3/10/17,3/12/17,1006,OilSuperMax,Automotive,1006 Standard automotive oil filter with carbonGrab technology,Sun Wong,1977,Female,102 Lexington Ave,Somerville,2144,US
2687,7,10/12/17,10/13/17,1004,OilMax,Automotive,1004 Standard automotive oil filter,Lakshmi Rohanna,1975,Female,25 E 75th St,Los Angeles,90034,US
2688,7,2/14/17,2/17/17,1003,CleanHex 10,Automotive,1003-10 inch hexagonal automotive air filter,Lakshmi Rohanna,1975,Female,25 E 75th St,Los Angeles,90034,US
2689,5,8/21/17,8/25/17,1002,CleanMax 10,Automotive,1002-10 inch standard automotive air filter,1996,1996,Male,10 Park St,Butler,45011,US
2690,3,3/28/17,4/4/17,1003,CleanHex 10,Automotive,1003-10 inch hexagonal automotive air filter,Samantha Powers,1994,Female,8 W Cerritos Ave #54,Gloucester,8014,US
2691,3,10/16/17,10/20/17,1006,OilSuperMax,Automotive,1006 Standard automotive oil filter with carbonGrab technology,Samantha Powers,1994,Female,8 W Cerritos Ave #54,Gloucester,8014,US
2693,13,9/15/17,9/19/17,1007,OilUltraMax,Automotive,1007 Standard automotive oil filter with carbonGrab technology and 10,,,,,,,
2694,3,12/17/17,12/22/17,1004,OilMax,Automotive,1004 Standard automotive oil filter,Samantha Powers,1994,Female,8 W Cerritos Ave #54,Gloucester,8014,US
2695,3,10/30/17,11/3/17,1005,CleanHex 12,Automotive,1005-12 inch hexagonal automotive air filter,Samantha Powers,1994,Female,8 W Cerritos Ave #54,Gloucester,8014,US
2696,8,3/13/17,3/20/17,1001,CleanMax 12,Automotive,1001-12 inch standard automotive air filter,Jenny Gareth,1971,Female,73 State Road 434 E,Maricopa,85013,US
2697,8,8/10/17,8/16/17,1005,CleanHex 12,Automotive,1005-12 inch hexagonal automotive air filter,Jenny Gareth,1971,Female,73 State Road 434 E,Maricopa,85013,US
2698,10,5/18/17,5/21/17,1007,OilUltraMax,Automotive,1007 Standard automotive oil filter with carbonGrab technology and 10,,,,,,,
2699,1,9/22/17,9/27/17,1006,OilSuperMax,Automotive,1006 Standard automotive oil filter with carbonGrab technology,Kathy Martin,1976,Female,6649 N Blue Gum St,New Orleans,70116,US
2700,10,12/19/17,12/21/17,1006,OilSuperMax,Automotive,1006 Standard automotive oil filter with carbonGrab technology,Sun Wong,1977,Female,10 Westminster St,Somerville,2144,US
2702,6,12/14/17,12/19/17,1004,OilMax,Automotive,1004 Standard automotive oil filter,Edith Bunker,1955,Female,2335 Canton Hwy #6,Windsor,N8N 3N2,CA
2703,3,2/21/17,2/23/17,1004,OilMax,Automotive,1004 Standard automotive oil filter,Samantha Powers,1994,Female,8 W Cerritos Ave #54,Gloucester,8014,US
2704,5,6/4/17,6/11/17,1007,OilUltraMax,Automotive,1007 Standard automotive oil filter with carbonGrab technology and 10,,,,,,,